-0.0010015523591964959,-0.00010000141303752768,-0.0002025191135531237,0.0,0.0,0.0,0.0,0.0,0.0,-5.726420991326508e-07,-0.001002106917744434,-0.00010031471592287085,0.0,0.0,0.0,0.0,0.0,0.0,5.789485744496252e-07,-0.00010024885151758667,-0.0003033477159359168,-0.0006996098778130065,0.0,0.0,0.0,0.0,0.0,0.00010107393750255383,-0.0002018453754340303,-0.0001009442927131101,0.0010014069702027931,0.00010045977183034711,6.622075967357637e-08,-9.392385021026706e-08,0.0,0.0,0.0,0.0,0.0,0.0,1.4917291511496687e-07,0.0,0.0,0.0,0.0,0.0,0.0,0.0,0.0,-0.00010027832934700396,2.4956550373003644e-07,0.00010033381056903945,0.0,0.0,0.0,0.0,0.0,0.0,-3.2835600059189486e-08,-3.2835600059189486e-08,0.0,0.0
0.004452459234678193,0.0012935947105909536,0.0004927624052140816,0.0,0.0,0.0,0.0,0.0,0.0,0.00011122844949692551,0.0017738549394188193,0.0011904861854568948,0.0,0.0,0.0,0.0,0.0,0.0,0.005190434291401177,-0.00041892831311324263,0.0003939702143451157,-0.000699609877813,0.0,0.0,0.0,0.0,0.0,0.0008996785589687043,0.0003927917887185811,0.0007027095506443691,-0.0002889906812423386,0.005301984824337625,0.0018855443022856382,-0.0002021512746041255,0.0,0.0,0.0,0.0,0.0,0.0,-0.0011798596320796717,0.0024654494744085773,0.0013050594213524864,0.0,0.0,0.0,0.0,0.0,0.0,0.0036938696551627216,0.00029294753579725655,0.00019873262961181596,0.0,0.0,0.0,0.0,0.0,0.0,0.00020198242592050066,0.0005942377319671634,-0.00042309123097653364,-0.0004972112541918732
0.007317189424355533,0.0005010315459143571,0.000492762405214,0.0,0.0,0.0,0.0,0.0,0.0,-0.0007423398299893983,0.002383634906595376,0.00119048618546,0.0,0.0,0.0,0.0,0.0,0.0,0.007051498565649442,-0.001078152179833917,0.000393970214345,-0.000699609877813,0.0,0.0,0.0,0.0,0.0,0.000899678558969,0.000392791788719,0.0007040249652942642,-0.0015989563022761836,0.006784970586974985,0.0018625533538524134,-0.00026495442785141475,0.0,0.0,0.0,0.0,0.0,0.0,-0.0025059807174415225,0.0030588166878497526,0.000605165820780282,0.0,0.0,0.0,0.0,0.0,0.0,0.0030202376622751647,0.0008559877501182536,0.000198732629612,0.0,0.0,0.0,0.0,0.0,0.0,-0.0005607143278961327,0.000594237731967,-0.0004724883291686219,-0.0010306392149140385
0.005669724070763261,0.0005060568134880022,0.00048498881517204586,0.0,0.0,0.0,0.0,0.0,0.0,6.303399185119546e-05,0.002280351918522284,0.0003945307062315185,0.0,0.0,0.0,0.0,0.0,0.0,0.006448999647087249,-0.001077524859942035,0.0004015948725800463,-0.000699609877813,0.0,0.0,0.0,0.0,0.0,0.0001093103809837986,0.000392791788719,0.0005831525842447073,-0.0006568299116108367,0.00674947406983871,0.001065207071974174,0.0005294538523284082,0.0,0.0,0.0,0.0,0.0,0.0,-0.0019390258383354803,0.0030286871276664577,0.00060516582078,0.0,0.0,0.0,0.0,0.0,0.0,0.0038393004363076735,0.000855987750118,0.000198732629612,0.0,0.0,0.0,0.0,0.0,0.0,0.00023369395228340826,0.000594237731967,-0.000472488329169,-0.000920399584438096
0.004082221241773833,0.0004987279063342382,0.00048350472842379215,0.0,-9.254672134943811e-05,0.0,0.0,0.0,0.0,-0.0024456459852113524,0.002211218465321555,0.000394530706232,0.0,0.0,0.0,0.0,0.0,0.0,0.006040407205944465,-0.00107752485994,0.00040159487258,-0.000699609877813,-0.0007059588202912616,0.0,0.0,0.0,0.0,0.00010782629423579214,0.000392791788719,0.000583152584245,0.00031665262588267626,0.006843609241839262,0.0010286338694581463,0.0005088226525857649,0.0,0.0,0.0,0.0,0.0,0.0,-0.0019564685520344926,0.002926990903152848,0.00060516582078,0.0,0.0,0.0,0.0,0.0,0.0,0.003727873966737985,0.0009600287787108017,0.000198732629612,0.0,0.0,0.0,0.0,0.0,0.0,0.00021306275254076487,0.000594237731967,-0.000472488329169,-0.0008220258182407083
0.00287424289927467,-0.00019938429589700236,0.00040684437177608513,0.0,-9.25467213494e-05,0.0,0.0,0.0,0.0,-0.0037209091885190143,0.0011315719302347864,0.000394530706232,0.0,0.0,0.0,0.0,0.0,0.0,0.006960836763973018,-0.002684009601458495,0.00040159487258,-0.000699609877813,-0.000705958820291,0.0,0.0,0.0,0.0,0.00015048554141059247,0.0004354510358935925,0.0004783960050728886,-0.00017222455287154955,0.005500083539664738,-0.00035102046414124287,0.0004525093674217384,0.0,0.0,0.0,0.0,0.0,0.0,-0.003204987223048929,0.0007158144856127167,0.0005245391896287481,0.0,0.0,0.0,0.0,0.0,0.0,0.0031278992146380443,-0.00043252913538401863,0.000198732629612,0.0,0.0,0.0,0.0,0.0,0.0,9.735438368166264e-05,0.0005591559942589145,-0.00047873014544471516,-0.0006773293614647005
0.004117480819486785,-0.0001281888232677686,0.0003574640047906082,0.0,-9.25467213494e-05,0.0,0.0,0.0,0.0,-0.005045653260831475,0.002515695380464215,0.0002284300599665505,9.679108279296839e-05,0.0,0.0,0.0,0.0,0.0,0.007611898072812207,-0.002725197323655877,0.0004983859553729684,-0.000699609877813,-0.000705958820291,0.0,0.0,0.0,0.0,3.1795610953127075e-05,0.00048233094835196456,0.00039620366407039104,-0.0007807056061099243,0.006768390049301823,-0.0003545601235800013,0.000452509367422,0.0,0.0,0.0,0.0,0.0,0.0,-0.0014896423027358058,0.0007035257310094769,-0.00016217662886960004,0.0,0.0,0.0,0.0,0.0,0.0,0.002471687925661205,-0.0012429020114949983,0.00020661176503574568,0.0,0.0,0.0,0.0,0.0,0.0,0.00010523351910544568,0.000559155994259,-0.0013690997010575648,-0.0005831220407684196
0.0029272011888087763,-0.0008227119963993887,0.00016688124947043803,0.0,-9.25467213494e-05,0.0,0.0,0.0,0.0,-0.0073010081398687246,0.0005157700899087098,0.000348620699379749,2.7937979374826782e-05,0.0,0.0,0.0,0.0,0.0,0.006481632675695679,-0.002870933193966963,0.0004295328519548268,-0.000699609877813,-0.000705958820291,0.0,0.0,0.0,0.0,-0.00010591059588324643,0.00041347784493382683,0.00027447401216761124,-0.0012773121618233987,0.004395923147593217,-0.0013140268660024052,0.0003021623406496807,0.0,0.0,0.0,0.0,0.0,0.0,-0.004682014588783208,-0.00029006125420274185,-0.00016217662887,0.0,0.0,0.0,0.0,0.0,0.0,0.000375893607633679,-0.0012570026695334932,8.247358670579909e-05,0.0,0.0,0.0,0.0,0.0,0.0,0.0001646267113769165,0.000559155994259,-0.00136909970106,-0.00035120225953097793
0.0037183752743260856,-0.001618554124877755,0.00016688124947,0.0,-9.25467213494e-05,0.0,0.0,0.0,0.0,-0.005887045174534736,0.0005395540123530839,0.0010508404005084087,2.79379793748e-05,0.0,0.0,0.0,0.0,0.0,0.006303891405532402,-0.0027793203092678948,0.000429532851955,-0.000699609877813,-0.000705958820291,0.0,0.0,0.0,0.0,-0.00019966337227020144,0.0004155603416378674,0.0002739593980693983,-0.002581904414587145,0.003994953646257509,-0.0013135122519013984,0.0007908776300680024,0.0,0.0,0.0,0.0,0.0,0.0,-0.0040818335344939925,0.00035524078393048703,-0.0007685610569073398,0.0,0.0,0.0,0.0,0.0,0.0,-0.0004458430569802708,-0.0011715395795903018,8.24735867058e-05,0.0,0.0,0.0,0.0,0.0,0.0,-0.0005387964652907017,0.0004502349099518929,-0.0014661384496903616,-0.0008471942245980149
0.0064662383394415435,-0.00161855412488,0.00016688124947,0.0,-9.25467213494e-05,0.0,0.0,0.0,0.0,-0.004519249044063822,0.00043966928184515237,0.00105084040051,2.79379793748e-05,0.0,0.0,0.0,0.0,0.0,0.006892119055652766,-0.0028007655594724998,0.000429532851955,-0.000699609877813,-0.000705958820291,0.0,0.0,0.0,0.0,-0.00019966337227,0.000415560341638,0.0003698823006066859,-0.004688539605052467,0.005610894446324231,-0.002288680626542079,0.0006686872012108431,0.0,0.0,0.0,0.0,0.0,0.0,-0.0050863303298436585,0.0002939645175545574,-0.000768561056907,0.0,0.0,0.0,0.0,0.0,0.0,-0.00047420284986470813,-0.0011636984550101052,-0.00012990816242924213,0.0,0.0,0.0,0.0,0.0,0.0,-0.000873368643283199,0.000450234909952,-0.0014824151827657706,-0.002042620008480065
0.007280057235273477,-0.0016787269314209765,0.00016231467954048575,0.0,-9.25467213494e-05,0.0,0.0,0.0,0.0,-0.005345549464784016,0.0017848987963142323,0.0012207273146554632,2.79379793748e-05,0.0,0.0,0.0,0.0,0.0,0.006923870514891247,-0.0016071762224604135,-0.00034285581935375524,-0.000699609877813,-0.000705958820291,0.0,0.0,0.0,0.0,0.0004836252668810837,0.000415560341638,0.00017449324859286202,-0.005219522947262816,0.005040287504682477,-0.002353368583952307,0.0005544815350135538,0.0,0.0,0.0,0.0,0.0,0.0,-0.005509194881119092,0.001107482560125916,-0.0008039949866506009,0.0,0.0,0.0,0.0,0.0,0.0,-0.0004721602508683214,8.775351573557803e-05,-0.0009706560253486464,0.0,0.0,0.0,0.0,0.0,0.0,-0.0010620417732175322,0.000450234909952,-0.0014986254417281753,-0.001833265820645565
0.007267818476444578,-0.002516813272522321,0.00015812305147315585,0.0,-9.25467213494e-05,0.0,0.0,0.0,0.0,-0.006206857905701772,0.0009141711235753111,0.0012192462686979016,2.79379793748e-05,0.0,0.0,0.0,0.0,0.0,0.007165806867709537,-0.0016978117784032635,-0.0004451011957331934,-0.000699609877813,-0.000705958820291,0.0,0.0,0.0,0.0,0.00038137989050180657,0.0003091233371919624,-0.0006528193019364774,-0.0043227325355616065,0.00507703991562267,-0.002348071789422849,0.000554481535014,0.0,0.0,0.0,0.0,0.0,0.0,-0.0056518238394670526,0.001120997616380681,-0.000803994986651,0.0,0.0,0.0,0.0,0.0,0.0,-0.0006628026366885065,2.0284649244142847e-05,-0.000970656025349,0.0,0.0,0.0,0.0,0.0,0.0,-0.00106204177322,0.000450234909952,-0.001605537465622913,-0.0017342868913921697
0.0070069101678303615,-0.002584035505321901,0.0001658752273699504,0.0,-9.25467213494e-05,0.0,0.0,0.0,0.0,-0.0049515324985351826,9.448818253241257e-05,0.0012192462687,2.79379793748e-05,0.0,0.0,0.0,0.0,0.0,0.008609864431838725,-0.0025370294556202664,-0.0004987789968738845,-0.000699609877813,-0.000705958820291,0.0,0.0,0.0,0.0,0.00025955802807437335,0.00027866932754661553,-0.0015638149341683917,-0.0033719648416070153,0.005040960609267802,-0.002297629464534427,0.000554481535014,0.0,0.0,0.0,0.0,0.0,0.0,-0.005018136584259752,0.0012425651857637119,-0.000803994986651,0.0,0.0,0.0,0.0,0.0,0.0,-0.0006619496659574694,0.0007680948918749293,-0.0009503175599126459,0.0,0.0,0.0,0.0,0.0,0.0,-0.001041703307783646,0.000450234909952,-0.0015446236224831422,-0.0017253748477961326
0.007105787782380057,-0.0018961388260398736,-0.0006345898106959554,0.0,-9.25467213494e-05,0.0,0.0,0.0,0.0,-0.007411827009691202,7.569965699489399e-05,0.0012192462687,2.79379793748e-05,0.0,0.0,0.0,0.0,0.0,0.008875236515995193,-0.002542993684803127,-0.0012998999569328405,-0.000699609877813,-0.000705958820291,0.0,0.0,0.0,0.0,-0.0005415629319848404,-0.0005224516325118404,-0.002618141365454661,-0.002399047690913849,0.004985372756278449,-0.0023201393469073207,0.0004598344310901114,0.0,0.0,0.0,0.0,0.0,0.0,-0.005175652708022351,0.0012849135354850887,-0.000803994986651,0.0,0.0,0.0,0.0,0.0,0.0,-0.0008618168770263658,0.0007653984656724525,-0.000950317559913,0.0,0.0,0.0,0.0,0.0,0.0,-0.001142485110697579,0.000450234909952,-0.001552685855948107,-0.001495285945548979
0.007191272477055751,-0.0005201513625367495,-0.000634589810696,0.0,-9.25467213494e-05,0.0,0.0,0.0,0.0,-0.007484224291762054,0.0014306881499878408,0.0012192462687,2.79379793748e-05,0.0,0.0,0.0,0.0,0.0,0.010295633431969025,-0.001247728887332597,-0.00129989995693,-0.000699609877813,-0.000705958820291,0.0,0.0,0.0,0.0,-0.000541562931985,-0.000522451632512,-0.002705387927830308,-0.003707325285265534,0.004347076477829527,-0.0016221896517826598,0.0003233791601165053,0.0,0.0,0.0,0.0,0.0,0.0,-0.006774356958518627,0.0026904170237872648,-0.0008227319308926214,0.0,0.0,0.0,0.0,0.0,0.0,0.0005066663341524551,0.0007655656588741261,-0.000950317559913,0.0,0.0,0.0,0.0,0.0,0.0,-0.0012976773259151162,0.000450234909952,-0.00155268585595,-0.0019784928500888002
0.00637199478394561,-0.0006275228099157754,-0.000680513057801692,0.0,-9.25467213494e-05,0.0,0.0,0.0,0.0,-0.0077211030809947855,0.0005402195022583584,0.0012192462687,2.79379793748e-05,0.0,0.0,0.0,0.0,0.0,0.010263703333422164,-0.0012892488386777516,-0.0012250804054673695,-0.0015944246673794597,-0.000705958820291,0.0,0.0,0.0,0.0,-0.0005126666276280614,-0.0005851568897829437,-0.002712695736852101,-0.002719365949705914,0.004325249016212733,-0.0016827078413963526,0.000323379160117,0.0,0.0,0.0,0.0,0.0,0.0,-0.006818266810626308,0.00269041702379,-0.000822731930893,0.0,0.0,0.0,0.0,0.0,0.0,0.00045317466644315824,0.0008744883703787818,-0.0009799810340444784,0.0,0.0,0.0,0.0,0.0,0.0,-0.0013273408000514784,0.000450234909952,-0.00155268585595,-0.00197849285009
0.004983786960254385,0.00016821082564364993,-0.000680513057802,0.0,-9.25467213494e-05,0.0,0.0,0.0,0.0,-0.007547431087418051,-0.0010059072715140238,0.0012192462687,-7.421757207339091e-05,0.0,0.0,0.0,0.0,0.0,0.011136072270321326,-0.0020972653862826075,-0.0013369548952197013,-0.00159442466738,-0.000705958820291,0.0,0.0,0.0,0.0,-0.000512666627628,-0.0006970313795327012,-0.0036216020103920386,-0.0017293969639236672,0.0042904781042899754,-0.0016827078414,0.00024787659144131965,0.0,0.0,0.0,0.0,0.0,0.0,-0.006980332565509807,0.003514101790354848,-0.000822731930893,0.0,0.0,0.0,0.0,0.0,0.0,-0.00029997155568756183,0.0008156583227686987,-0.0010209605447159325,0.0,0.0,0.0,0.0,0.0,0.0,-0.0014438228793976129,0.000450234909952,-0.001625805632551878,-0.0018837270235640552
0.0039065370930104005,0.00014884178520659786,-0.000680513057802,0.0,-9.25467213494e-05,0.0,0.0,0.0,0.0,-0.007905398102596472,-0.0011770302772792847,0.0012192462687,-7.42175720734e-05,0.0,0.0,0.0,0.0,0.0,0.009846048825092674,-0.001505369060656369,-0.00125551040212877,-0.00159442466738,-0.000705958820291,0.0,0.0,0.0,0.0,-0.00043122213453676995,-0.0006155868864417699,-0.00354015751729877,-0.003829999973295156,0.0020273306029850264,-0.0020304093306595895,0.000247876591441,0.0,0.0,0.0,0.0,0.0,0.0,-0.008698226001224373,0.003148982681053369,-0.0008593329236651926,0.0,0.0,0.0,0.0,0.0,0.0,-0.0023440028288154438,0.0013626897261646126,-0.0010170491456925185,0.0,0.0,0.0,0.0,0.0,0.0,-0.0013777011350165713,0.000450234909952,-0.0016716204985845228,-0.003064303312665523
0.00266621184088612,5.3184960196435753e-05,-0.0007802737062944516,-0.00021225815988690905,-9.25467213494e-05,0.0,0.0,0.0,0.0,-0.008515077706822466,-0.0018810852598939631,0.0012192462687,-7.42175720734e-05,0.0,0.0,0.0,0.0,0.0,0.009902591413529229,-0.002440233321209353,-0.00125551040213,-0.00159442466738,-0.000705958820291,0.0,0.0,0.0,0.0,-0.0005309827830294515,-0.0007153475349344515,-0.004478228000113961,-0.002823356714737346,0.0020546502711089516,-0.0019756908366451525,0.000247876591441,0.0,0.0,0.0,0.0,0.0,0.0,-0.008786770675497725,0.0029069958300281347,-0.000859332923665,0.0,0.0,0.0,0.0,0.0,0.0,-0.0022256910622790674,0.0012492688781051793,-0.00101704914569,0.0,0.0,0.0,0.0,0.0,0.0,-0.00137770113502,0.000450234909952,-0.0017339288348279006,-0.0029642295718975316
0.004333538045652313,0.000166094139518795,-0.00021078743400100932,-0.000212258159887,-9.25467213494e-05,0.0,0.0,0.0,0.0,-0.009348636216524375,-0.00044510655840124366,0.0012192462687,-7.42175720734e-05,0.0,0.0,0.0,0.0,0.0,0.010034555640868616,-0.0032405058264771123,-0.000485318624447133,-0.00159442466738,-0.000705958820291,0.0,0.0,0.0,0.0,0.0009397879574747286,-0.0007769254887507211,-0.004570977255162027,-0.004131220639011414,0.0034362377471181494,-0.0020409569001748006,0.000959566633827214,0.0,0.0,0.0,0.0,0.0,0.0,-0.009775087527088118,0.0035519651915234267,-0.0008572564603259045,0.0,0.0,0.0,0.0,0.0,0.0,-0.00022511366763255242,0.002046310097468951,-0.0017204600464103804,0.0,0.0,0.0,0.0,0.0,0.0,-0.0013682847061905737,0.000450234909952,-0.0024260004048571723,-0.0034878470204942474
0.005183693676117746,-0.0005073444510492135,-0.0003321131412223499,-0.000212258159887,-9.25467213494e-05,0.0,0.0,0.0,0.0,-0.009432318582153834,0.0003768756761124604,0.0012192462687,-7.42175720734e-05,0.0,0.0,0.0,0.0,0.0,0.010113306986425161,-0.0032313094434799957,-0.000485318624447,-0.00159442466738,-0.000705958820291,0.0,0.0,0.0,0.0,0.000939787957475,-0.000776925488751,-0.004507873069305487,-0.004755960653002959,0.004208037144224582,-0.002882579439687261,0.000959566633827,0.0,0.0,0.0,0.0,0.0,0.0,-0.008644725036325051,0.0021607615864254457,-0.000857256460326,0.0,0.0,0.0,0.0,0.0,0.0,-0.00014103379304921277,0.0005820030978277838,-0.0017536714609497355,0.0,0.0,0.0,0.0,0.0,0.0,-0.0014014961207297354,0.000450234909952,-0.0032343848757271526,-0.003358953467211409
0.0027240788981894508,-0.00029774159939661743,-0.0003059968978286925,-0.000212258159887,-9.25467213494e-05,0.0,0.0,0.0,0.0,-0.009609261143806454,0.0018578736389845635,0.0011221094703628741,-7.42175720734e-05,-9.616912707077744e-05,0.0,0.0,0.0,0.0,0.010627282422020887,-0.004002242091173927,-0.0005201702495783125,-0.00159442466738,-0.000705958820291,0.0,0.0,0.0,0.0,0.0008045357430579871,-0.0007508092453576925,-0.004591848954700876,-0.005265358374701053,0.003105620092185195,-0.0029405047110487837,0.0009334503904336925,0.0,0.0,0.0,0.0,0.0,0.0,-0.008922153028398288,0.002153613080669057,-0.000763512599935448,0.0,0.0,0.0,0.0,0.0,0.0,-0.0021912928063675388,0.0008291179616145407,-0.00175367146095,0.0,0.0,0.0,0.0,0.0,0.0,-0.001307752260339448,0.000450234909952,-0.0033293327307510334,-0.0031488779639590125
0.0010164787580438592,-0.0002550921261736301,0.0004911236649896981,-0.000212258159887,-9.25467213494e-05,0.0,0.0,0.0,0.0,-0.009026063987475715,0.0018940432713622725,0.0003308089776865603,-7.42175720734e-05,-9.61691270708e-05,0.0,0.0,0.0,0.0,0.009933435812442173,-0.0039012392713710644,-0.0006285411650463697,-0.00159442466738,-0.000705958820291,0.0,0.0,0.0,0.0,0.0007019848977348887,-0.000750809245358,-0.005508845749621177,-0.004372439453809443,0.0024106536341039213,-0.0029546013279550982,0.000933450390434,0.0,0.0,0.0,0.0,0.0,0.0,-0.009002150631355335,0.0022049761638853905,-0.000763512599935,0.0,0.0,0.0,0.0,0.0,0.0,-0.0012254508224829516,0.0008139127302269519,-0.001762056585124876,0.0,0.0,0.0,0.0,0.0,0.0,-0.0013161373845148759,0.000450234909952,-0.0033185782849541783,-0.003142892489522491
0.0020948634904059114,0.0004549452020133586,0.00048594441761168783,-0.000212258159887,-9.25467213494e-05,0.0,0.0,0.0,0.0,-0.008465183947882746,0.0034071537611056637,0.00024339189333551746,-7.42175720734e-05,-9.61691270708e-05,0.0,0.0,0.0,0.0,0.010592583997267774,-0.00319789043366847,-0.000628541165046,-0.00159442466738,-0.000705958820291,0.0,0.0,0.0,0.0,0.0006093885660052053,-0.0008366683697218879,-0.005675100546135541,-0.005676459242453525,0.0022550465228576614,-0.002998390108331248,0.0010165777886917704,0.0,0.0,0.0,0.0,0.0,0.0,-0.0076222138608861385,0.0029323645702550123,-0.0015558604808778962,0.0,0.0,0.0,0.0,0.0,0.0,-0.0010662173881123645,0.0007377551006430022,-0.00180579664861117,0.0,0.0,0.0,0.0,0.0,0.0,-0.0019794700537015134,-0.0002524850940061142,-0.004114983275230084,-0.0030479551634982295
0.002667473543937148,-0.0004952922140033421,-0.0004228193092022281,-0.000212258159887,-9.25467213494e-05,0.0,0.0,0.0,0.0,-0.008349236794216555,0.002506238296607525,0.00020056067944512404,-7.42175720734e-05,-9.61691270708e-05,0.0,0.0,0.0,0.0,0.010198037826479808,-0.003403147104433958,-0.0006941388736900542,-0.0017163766943314822,-0.000705958820291,0.0,0.0,0.0,0.0,0.0005322444239803437,-0.00090520877188845,-0.005911363328287995,-0.004661618190340787,0.001948289473221343,-0.0029140574289247966,0.00101657778869,0.0,0.0,0.0,0.0,0.0,0.0,-0.0071620581615134795,0.0029620416392143935,-0.0017023341395141572,0.0,0.0,0.0,0.0,0.0,0.0,-0.0013377775511000424,0.00040935127861650434,-0.00180579664861,0.0,0.0,0.0,0.0,0.0,0.0,-0.0021259437123341573,-0.000252485094006,-0.0043318633233852925,-0.0028210808764884236
0.0034655666399191123,-0.0004860794007013438,-0.0013107504022897669,-0.000212258159887,-9.25467213494e-05,0.0,0.0,0.0,0.0,-0.009201560837062254,0.0025042364378966646,0.000200560679445,-7.42175720734e-05,-9.61691270708e-05,0.0,0.0,0.0,0.0,0.01020345874693307,-0.0034084972719878267,-0.000797720044953051,-0.00171637669433,-0.000705958820291,0.0,0.0,0.0,0.0,0.00042866325271694896,-0.001898844974702277,-0.006816686352799615,-0.003659359699630462,0.0028419532584343485,-0.0030410718779039655,0.00101657778869,0.0,0.0,0.0,0.0,0.0,0.0,-0.006469783176003686,0.00296204163921,-0.00170233413951,0.0,0.0,0.0,0.0,0.0,0.0,-0.0021409252957451117,0.001188066242996583,-0.0018094787355514388,0.0,0.0,0.0,0.0,0.0,0.0,-0.002024930492324284,-0.000252485094006,-0.0043324100199657305,-0.00282108087649
0.0007524738668781153,-0.0013937807412919292,-0.00131075040229,-0.000212258159887,-9.25467213494e-05,0.0,0.0,0.0,0.0,-0.008443851250136554,0.002511276857552367,-0.0007071406611459292,-0.0009735470993471938,-9.61691270708e-05,0.0,0.0,0.0,0.0,0.010258217832345656,-0.0052218552293159925,-0.0017136388469542914,-0.00171637669433,-0.000705958820291,0.0,0.0,0.0,0.0,0.0005229348251223166,-0.0028060087741628346,-0.007821892417096665,-0.001761255534609967,0.002646034050530885,-0.0030320280230267936,0.001119851810091267,0.0,0.0,0.0,0.0,0.0,0.0,-0.006454231192238241,0.0028075772380757747,-0.00170233413951,0.0,0.0,0.0,0.0,0.0,0.0,-0.001337128764715957,0.0010999737430698415,-0.0017121854846499033,0.0,0.0,0.0,0.0,0.0,0.0,-0.0018243632200186366,-0.0001492110726047331,-0.004512100327060206,-0.002626724687846451
-3.211374977514015e-05,0.0005191803507473562,-0.0018932658516539738,-0.000212258159887,-9.25467213494e-05,0.0,0.0,0.0,0.0,-0.006172792757187504,0.0017243733484902648,-0.0007217420651036182,-0.000973547099347,-9.61691270708e-05,0.0,0.0,0.0,0.0,0.00889079769429731,-0.004326563600889159,-0.0018375381418453988,-0.00171637669433,-0.000705958820291,0.0,0.0,0.0,0.0,0.0004931145957820909,-0.0028866338654166728,-0.007856000788296994,-0.0022646997741994986,0.0025177273866372686,-0.0022392615973054184,0.00040582282705771725,0.0,0.0,0.0,0.0,0.0,0.0,-0.006631009789684156,0.002880077969394693,-0.0018184619367777554,0.0,0.0,0.0,0.0,0.0,0.0,-0.0025442780933806054,0.0018877452465671522,-0.0026126095904280455,0.0,0.0,0.0,0.0,0.0,0.0,-0.0017544413007561266,-0.0007698455857002818,-0.004741636997152346,-0.0024452119412136848
-0.0022998470245599923,0.0003852548152119979,-0.0018862046177385357,-0.000212258159887,-9.25467213494e-05,0.0,0.0,0.0,0.0,-0.006988278908407168,0.0009709984681905739,-0.000738097670742855,-0.0010953368009912737,-9.61691270708e-05,0.0,0.0,0.0,0.0,0.009004001132285755,-0.0044786109538183395,-0.0018352961915585229,-0.002510254819260533,-0.000705958820291,0.0,0.0,0.0,0.0,0.0004860621743460863,-0.002984915893800559,-0.007978060217857201,-0.0012533046963378969,0.0028007557764992553,-0.002378914230910139,0.000405822827058,0.0,0.0,0.0,0.0,0.0,0.0,-0.006840231154251785,0.002895156878619414,-0.0017290870448324488,0.0,0.0,0.0,0.0,0.0,0.0,-0.002471802456965062,0.0018334810708271099,-0.0025287817351585654,0.0,0.0,0.0,0.0,0.0,0.0,-0.0007819231449799195,-0.0006032710919642284,-0.004634759284458112,-0.00244521194121
-0.0024882684207038993,0.00036577878603215357,-0.0020020817167249825,-0.001015924293191849,-9.25467213494e-05,0.0,0.0,0.0,0.0,-0.008775329363777425,6.989645143237343e-05,-0.000738097670743,-0.00109533680099,-9.61691270708e-05,0.0,0.0,0.0,0.0,0.008324796637507023,-0.00535910961794975,-0.0017983466968491664,-0.00251025481926,-0.000705958820291,0.0,0.0,0.0,0.0,0.0004071345700718513,-0.0031007929927849825,-0.009002847134911732,-0.00024135582869463403,0.0026639223553246378,-0.002439071592494131,0.0005216999260429825,0.0,0.0,0.0,0.0,0.0,0.0,-0.007251072873865794,0.0032034356136459493,-0.001966453349485205,0.0,0.0,0.0,0.0,0.0,0.0,-0.0023201436202936773,0.0014512231703810966,-0.002396384495895627,0.0,0.0,0.0,0.0,0.0,0.0,-0.0007723571576668034,-0.0006013187954013355,-0.004690500084607724,-0.0023390036215032123
-0.002950378995135056,-0.0004010968274592276,-0.00200208171672,-0.00101592429319,-9.25467213494e-05,0.0,0.0,0.0,0.0,-0.010304537257405363,-1.1546545888127887e-05,-0.000738097670743,-0.001174285539697843,-9.61691270708e-05,0.0,0.0,0.0,0.0,0.007347656796338397,-0.005645329815170997,-0.001593625893030724,-0.00251025481926,-0.000705958820291,0.0,0.0,0.0,0.0,0.0005823398102368151,-0.0030181398800649016,-0.009128955842324234,0.0007785804850697509,0.0026554639510778548,-0.0026449672194699117,0.001334744433530923,0.0,0.0,0.0,0.0,0.0,0.0,-0.009589223845304357,0.004127130579861483,-0.0011595545139798785,0.0,0.0,0.0,0.0,0.0,0.0,-0.0023732921371778203,0.0019164873997822725,-0.0023963844959,0.0,0.0,0.0,0.0,0.0,0.0,-5.11593199310574e-05,-0.000601318795401,-0.0039310946831151525,-0.0021471497536641143
-0.0036828068352293803,-0.0004297360894149261,-0.002913697812676626,-0.00101592429319,-9.25467213494e-05,0.0,0.0,0.0,0.0,-0.015877131322153536,0.0013411697970548138,-0.0006742312821269964,-0.0011742855397,-9.61691270708e-05,0.0,0.0,0.0,0.0,0.006570815131944424,-0.005074189865777526,-0.0024205471311989357,-0.00251025481926,-0.000705958820291,0.0,0.0,0.0,0.0,-0.00037390400391685105,-0.004073397410804028,-0.01098580769439347,0.00027656284654873535,0.00246461261011131,-0.004425547876816315,0.0007081893778753754,0.0,0.0,0.0,0.0,0.0,0.0,-0.016394999719863607,0.00490846966351881,-0.00043805306179471885,0.0,0.0,0.0,0.0,0.0,0.0,-0.003008861983722788,0.0008758392707793284,-0.003105192486909458,0.0,0.0,0.0,0.0,0.0,0.0,4.885921973656671e-05,-0.000506124555609123,-0.0053186708252003865,-0.0019205308681123612
-0.003697531072955447,-0.000429736089415,-0.0030515497541715067,-0.00101592429319,-9.25467213494e-05,0.0,0.0,0.0,0.0,-0.01656480601499791,0.0007752424490589789,-6.319258379745255e-05,-0.0011742855397,-9.61691270708e-05,0.0,0.0,0.0,0.0,0.006996073260996199,-0.0036194828952489594,-0.00249787591006532,-0.00251025481926,-0.000705958820291,0.0,0.0,0.0,0.0,2.2915860150179903e-05,-0.0035386655640623488,-0.010290076098723492,-0.0010041495080966554,0.0024144470161414195,-0.004539796718706938,9.50393135526863e-06,0.0,0.0,0.0,0.0,0.0,0.0,-0.01886634814841485,0.004270360157658146,0.00022789893020797681,0.0,0.0,0.0,0.0,0.0,0.0,-0.004422981789689516,0.001524723195614972,-0.003141618052394503,0.0,0.0,0.0,0.0,0.0,0.0,-0.0007226773577521375,-0.0004937171064418455,-0.004644917609929946,-0.001839369502063037
-0.006114986749654047,-0.0012437947609735156,-0.003212918186743255,-0.00101592429319,-9.25467213494e-05,0.0,0.0,0.0,0.0,-0.01868896194266479,0.0008164315800495401,-7.738738186737612e-05,-0.0011742855397,-9.61691270708e-05,0.0,0.0,0.0,0.0,0.005506657324614089,-0.00373957631943832,-0.0025629206089328276,-0.00251025481926,-0.000705958820291,0.0,0.0,0.0,0.0,-0.00020349727128588234,-0.002869408187935336,-0.011098601313643477,2.4125546664459092e-05,0.002592881808112889,-0.004497185662065475,9.50393135527e-06,0.0,0.0,0.0,0.0,0.0,0.0,-0.01926371291327388,0.004439184589845596,0.0002325078953130703,0.0,0.0,0.0,0.0,0.0,0.0,-0.004640399134538005,0.0007070775430498283,-0.0030988108973932305,0.0,0.0,0.0,0.0,0.0,0.0,-0.0004996855548560018,-0.00037137265360172214,-0.004593657017791225,-0.00183936950206
-1.5935719489029487e-08,-0.0007996616594421045,-0.00010121033519949372,0.0,0.0,0.0,0.0,0.0,0.0,-1.0318886272680389e-07,-5.7000344990513544e-08,-0.0007999221680113175,0.0,0.0,0.0,0.0,0.0,0.0,-7.717025978573419e-09,-1.4217393875670811e-09,0.0,0.0,0.0,0.0,0.0,0.0,0.0,-0.00010118214575329247,-0.0009011772648320995,0.0,0.0009003464842605078,-3.427235600012207e-07,0.0001012822040808646,-0.00020151937932701017,0.0,0.0,0.0,0.0,0.0,0.0,-0.00010185467036251557,1.4472236630894737e-07,-1.0232457773327747e-11,0.0,0.0,0.0,0.0,0.0,0.0,-0.00010231740824228753,6.261961394011466e-09,0.0,0.0,0.0,0.0,0.0,0.0,0.0,3.44330594261988e-08,-5.071071550032125e-07,-0.0007999499073306175,0.00010013474084652974
-0.001397060185748981,-0.0009187665296395878,-0.00033589432133108717,0.0,0.0,0.0,0.0,0.0,0.0,0.0004724008776440868,-0.0009183796953510193,-0.0009595659210916906,0.0,0.0,0.0,0.0,0.0,0.0,-0.0016170940639963214,0.00047443178621927256,-1.863984672834061e-05,-0.00011290163395533591,0.0,0.0,0.0,0.0,0.0,-0.0005048070808051486,-0.001299507440532263,-0.00011438221079300182,0.0011197802368937844,-0.00201489355547316,-1.0365354776809332e-05,-0.0005395378567894737,0.0,0.0,0.0,0.0,0.0,0.0,-0.0012656709159507055,0.0001088962888490551,-0.0010349808364351369,0.0,0.0,0.0,0.0,0.0,0.0,-0.002257655475023145,-0.0006949843801372058,-9.980514658999596e-05,0.0,0.0,0.0,0.0,0.0,0.0,-0.0004417575402614933,-0.00020935204316767706,-0.0014885104432744599,0.001012237479961995
-0.002351528874652588,0.0006139982165323279,-0.0006152360881687291,-0.00010842775953732961,0.0,0.0,0.0,0.0,0.0,0.0008824563988312976,-0.0017692603866224293,-0.0003658266295680947,0.0,0.0,0.0,0.0,0.0,0.0,-0.0037481730152911404,0.0018751233130577573,-1.86398467283e-05,-0.000112901633955,0.0,0.0,0.0,0.0,0.0,-7.91522830366555e-05,-0.0008666739942870562,-0.00011885985580090857,0.0013410463727907124,-0.0033580277034311254,0.0007419301275668085,-0.0007009217627799366,0.0,0.0,0.0,0.0,0.0,0.0,-0.0006593059592698554,2.1568247940486275e-05,-0.001916496159123955,0.0,0.0,0.0,0.0,0.0,0.0,-0.004053205352569835,-0.0005642144169199279,-0.0003426154873340373,0.0,0.0,0.0,0.0,0.0,0.0,-0.0015027504879643922,-0.000209352043168,-0.0017214313621518396,0.0019337383228713373
0.00018328378342012805,-0.0008861526909010712,-0.000615236088169,-0.000108427759537,0.0,0.0,0.0,0.0,0.0,-0.0002734497494971137,0.00019405003580091743,-0.000365826629568,-0.00011526239736532883,0.0,0.0,0.0,0.0,0.0,-0.002530170334534393,0.0022247579154287297,-1.86398467283e-05,-0.000112901633955,0.0,0.0,0.0,0.0,0.0,-7.91522830367e-05,-0.000866673994287,-0.00012727295092491994,0.0014516824245608534,-0.0017021895844291303,-0.0012113383122810011,-0.0007218491781874495,0.0,0.0,0.0,0.0,0.0,0.0,-0.001923677531670124,0.0011586755811466174,-0.0019555748662051257,0.0,0.0,0.0,0.0,0.0,0.0,-0.0021089748560713726,-0.00041654659055572146,-0.00047446287290611646,0.0,0.0,0.0,0.0,0.0,0.0,-0.001688257833368514,-0.0003530812049366317,-0.0019454880944277744,0.0028750565368998956
0.002175997056627761,-0.0014807089947602686,-0.001317296780028239,-0.000108427759537,0.0,0.0,0.0,0.0,0.0,-0.0001651955462969825,0.0026607096122653303,-0.00026265259997111705,-0.000115262397365,0.0,0.0,0.0,0.0,0.0,-0.00185145025381448,0.002326445983833807,-0.00011750014820337433,-0.000112901633955,0.0,0.0,0.0,0.0,0.0,-0.0008862615262222939,-0.0009709453040758075,-0.00032636285698134425,0.0016622184419159153,-8.581496903330415e-05,-0.002740284734870924,-0.0014159625567096148,0.0,0.0,0.0,0.0,0.0,0.0,-0.0007743961413898325,0.001738427470356462,-0.002070305557916767,0.0,0.0,0.0,0.0,0.0,0.0,-0.002398013054091294,0.0002832853105523062,-0.0011734913818978406,0.0,0.0,0.0,0.0,0.0,0.0,-0.0030868107291981885,-0.000353081204937,-0.0020504248357328587,0.003791137562995394
0.0022896529023949167,0.00048675171195408087,-0.000511172929796122,-0.000108427759537,0.0,0.0,0.0,0.0,0.0,0.0004415029523249128,0.004057129363952435,-0.000262652599971,-0.000115262397365,0.0,0.0,0.0,0.0,0.0,0.0014141343387911749,0.0023258043692576543,-0.000117500148203,-0.000112901633955,0.0,0.0,0.0,0.0,0.0,-0.0007784515999561097,-0.0002728673538283067,0.0003717150932666933,0.00166221844192,0.0007319918370449882,-0.0014655824375543805,-0.0008505762553953756,0.0,0.0,0.0,0.0,0.0,0.0,0.0002378878480842723,0.003138373148131209,-0.0027703667836355803,0.0,0.0,0.0,0.0,0.0,0.0,0.0012950022411239207,-0.00041720695682382096,-0.0011734913819,0.0,0.0,0.0,0.0,0.0,0.0,-0.003920466854752617,0.0003458999962146611,-0.0014426734737250676,0.0047117241415614575
-0.0002728515568575958,0.00038783150668080944,-0.000511172929796,-0.000108427759537,0.0,0.0,0.0,0.0,0.0,-0.002234876816852078,0.00395888696443258,-0.000262652599971,-0.000115262397365,0.0,0.0,0.0,0.0,0.0,0.0013299316072200224,0.002427843029909296,-0.000117500148203,-0.0010081509674315725,0.0,0.0,0.0,0.0,0.0,-0.000778451599956,-0.000272867353828,-0.0006276269117564239,0.0035576379712477972,0.000735033760117544,-0.0005683156686529913,-0.000850576255395,0.0,0.0,0.0,0.0,0.0,0.0,0.0021339885630265523,0.003141469050551818,-0.00277036678364,0.0,0.0,0.0,0.0,0.0,0.0,0.0014109832771969277,-0.00041468349273219944,-0.0002775642426676567,0.0,0.0,0.0,0.0,0.0,0.0,-0.003024539715517657,0.0012418271354473433,-0.00144267347373,0.00471172414156
3.4867363342209134e-05,0.000865119317359048,-0.000511172929796,-0.000108427759537,0.0,0.0,0.0,0.0,0.0,-0.005664368444626866,0.004813295146335018,-0.00026443172582934663,-0.000115262397365,0.0,0.0,0.0,0.0,0.0,0.0018034197557730723,0.0021925611951826656,-0.000117500148203,-0.00100815096743,0.0,0.0,0.0,0.0,0.0,-0.0007802175545507576,-0.0002746464796863466,-0.0009777599166666904,0.004015514782849354,0.0027609081408707763,-0.0005795622174111419,-0.001186100199056291,0.0,0.0,0.0,0.0,0.0,0.0,-0.0012006779149912744,0.0030931360866971484,-0.002797747998956853,0.0,0.0,0.0,0.0,0.0,0.0,0.001196228178653234,-0.00018296497650230613,-0.00038683413514428613,0.0,0.0,0.0,0.0,0.0,0.0,-0.00316119082331314,0.00124182713545,-0.0015519433662062859,0.0056148744061418135
-0.0008371764230346905,0.002628544396740699,-0.001225366871456033,-0.000108427759537,0.0,0.0,0.0,0.0,0.0,-0.00648009498447774,0.004857819485102305,-0.00037321012570172855,-0.000115262397365,0.0,0.0,0.0,0.0,0.0,0.0012395104641087327,0.0013981652394203235,0.0010744486199353196,-0.0012710976277334138,0.0,0.0,0.0,0.0,0.0,-0.00018529566512562182,-0.0003989876821823663,-0.001993676798989622,0.00425807711810183,0.00046283203785794924,0.000631730791930979,-0.0019004380744126895,0.0,0.0,0.0,0.0,0.0,0.0,-0.004045413765576314,0.0036898939329231915,-0.002805349775222915,0.0,0.0,0.0,0.0,0.0,0.0,-0.0011387166009096507,-9.058437444341994e-05,-4.349487403840094e-05,0.0,0.0,0.0,0.0,0.0,0.0,-0.0037901063424435723,0.0011409823412511138,-0.001639834372973287,0.006513850508560186
-0.001025599134154276,0.0012100872537583159,-0.0013494828719664786,-0.00021041453703311678,0.0,0.0,0.0,0.0,0.0,-0.00629323492166384,0.004665948932389274,-0.0011804333445752963,-0.000115262397365,0.0,0.0,0.0,0.0,0.0,0.0012445939801918066,0.0012541920336319487,0.0010676035076381705,-0.00127109762773,0.0,0.0,0.0,0.0,0.0,-0.0008751608370405182,-0.0007538296102949889,-0.0038340073882135845,0.005293115058833727,0.0007059945692519953,0.0005003002593466341,-0.0019078217677601654,0.0,0.0,0.0,0.0,0.0,0.0,-0.00430199644927594,0.003735777688990649,-0.0028053767166676515,0.0,0.0,0.0,0.0,0.0,0.0,-0.000673430523314026,-0.00010168787407747003,-6.358088331754047e-05,0.0,0.0,0.0,0.0,0.0,0.0,-0.0038178303903246592,0.00114098234125,-0.0026664024162981912,0.006619749968448714
-0.0022163439090065245,0.001100364192397213,-0.00134948287197,-0.000210414537033,0.0,0.0,0.0,0.0,0.0,-0.005514883067535187,0.0038588331656220307,-0.00118043334458,-0.000115262397365,0.0,0.0,0.0,0.0,0.0,0.0012399113883198216,0.0019480217554560088,0.0010628247560379056,-0.001969417965666215,0.0,0.0,0.0,0.0,0.0,-0.00087952193657333,-0.0007586083618970941,-0.003843796375533551,0.00529311505883,-0.0006962814081570562,0.00048762713319208396,-0.0027177250179450125,0.0,0.0,0.0,0.0,0.0,0.0,-0.0026665409673917884,0.0023507812655031877,-0.0035027694220751814,0.0,0.0,0.0,0.0,0.0,0.0,0.0014184578876382764,-0.0008030671929999966,-0.0015681014398019537,0.0,0.0,0.0,0.0,0.0,0.0,-0.006829646902394648,0.0004435896358448183,-0.002784152283536453,0.00753410405330257
-0.003909660848290371,0.0017221935766346017,-0.00134948287197,-0.0004329248341873088,0.0,0.0,0.0,0.0,0.0,-0.006131981541127643,0.003651087349354302,-0.0011715843686934868,-0.000115262397365,0.0,0.0,0.0,0.0,0.0,0.0008438823538993187,0.0011600761316706983,0.0008037247201639673,-0.00196941796567,0.0,0.0,0.0,0.0,0.0,-0.0009118903005729453,-0.0009622512351016128,-0.00384379637553,0.005721613327928705,-0.0016594968243802458,0.0005035808248752287,-0.003635805488919027,0.0,0.0,0.0,0.0,0.0,0.0,-0.005017720686998354,0.0023507812655,-0.00350276942208,0.0,0.0,0.0,0.0,0.0,0.0,0.0002278319495010306,-0.001513341052761432,-0.0017142927214385598,0.0,0.0,0.0,0.0,0.0,0.0,-0.007194600783070567,0.000443589635845,-0.0027930012594265135,0.008458138105017943
-0.004161784257303992,0.0009281377249097803,-0.00134948287197,-0.0005395806178559691,0.0,0.0,0.0,0.0,0.0,-0.006199902675653954,0.0036838368101561984,-0.0013902115915538546,-0.000115262397365,-0.0007973010736778922,0.0,0.0,0.0,0.0,0.0007675674869572986,0.0009310378857822179,6.423646486107787e-06,-0.00196941796567,0.0,0.0,0.0,0.0,0.0,-0.0018158471579198614,-0.0011808784579658547,-0.004169079382062824,0.006709550481278203,-0.0018328787522904654,0.000566499013909369,-0.00363580548892,0.0,0.0,0.0,0.0,0.0,0.0,-0.005165040697935468,0.0023246012465666993,-0.0035550678941981893,0.0,0.0,0.0,0.0,0.0,0.0,-0.00010051037966724679,-0.001534876599122101,-0.0016492076310031171,0.0,0.0,0.0,0.0,0.0,0.0,-0.007181814164751306,0.0005715929153162516,-0.0027951681608325133,0.008570114239944224
-0.000619250833505535,9.68719490222448e-05,-0.0007557357441624836,-0.000539580617856,0.0,0.0,0.0,0.0,0.0,-0.005466984308894575,0.0047295950595336025,-0.0012720730769348349,-0.000115262397365,-0.000797301073678,0.0,0.0,0.0,0.0,0.0014458311784818828,0.0017058696276642253,0.0011855932085154382,-0.00196941796567,0.0,0.0,0.0,0.0,0.0,-0.0015648197298089776,-1.7088959406719173e-06,-0.0028162474502514303,0.006814096649098116,-0.0012860253855678907,0.0006157047225379939,-0.0027777660211109542,0.0,0.0,0.0,0.0,0.0,0.0,-0.0036001462566959946,0.0030422587245817617,-0.0035550678942,0.0,0.0,0.0,0.0,0.0,0.0,-0.0019488961835240725,0.0003888311813636776,-0.0003666661254217347,0.0,0.0,0.0,0.0,0.0,0.0,-0.007337895447632307,0.001962995047130334,-0.002168833612587904,0.009497882987774332
-0.0012380536724959906,8.700138300022961e-05,-0.0015580452817878958,-0.000539580617856,0.0,0.0,0.0,0.0,0.0,-0.0047429106114700425,0.003750059410561474,-0.00127207307693,-0.000115262397365,-0.000797301073678,0.0,0.0,0.0,0.0,0.0012610064985052022,0.0024978530976030853,0.00038458128788589486,-0.0021765490019683155,0.0,0.0,0.0,0.0,0.0,-0.0023681820175519832,-0.000801668066458688,-0.003026711526078183,0.008025396552014067,-0.0014954759953954432,0.0006190377620678669,-0.0027863524845518866,0.0,0.0,0.0,0.0,0.0,0.0,-0.0038249944276207517,0.0030336722611381136,-0.0035550678942,0.0,0.0,0.0,0.0,0.0,0.0,-0.0019501433825449743,0.0005972705754554289,-0.0005843433891825807,0.0,0.0,0.0,0.0,0.0,0.0,-0.007564159174832466,0.0019544085836881134,-0.002186597936066617,0.00949788298777
-0.0025037541691912803,-8.68471039358752e-06,-0.0015686060066798797,-0.000539580617856,0.0,0.0,0.0,0.0,0.0,-0.005241068330338245,0.004563163974483926,-0.0021750486114242933,-0.000115262397365,-0.000797301073678,0.0,0.0,0.0,0.0,0.001267789445542035,0.002395503971508886,0.00037388528442794996,-0.002977957394888862,-0.00010328996570393035,0.0,0.0,0.0,0.0,-0.0031908471388167915,-0.0016243331877257914,-0.003240541812688913,0.009046235160646768,-0.001603314561468023,0.0006270461704004878,-0.00278635248455,0.0,0.0,0.0,0.0,0.0,0.0,-0.004086916662264877,0.0030725982101992184,-0.0035766857804829803,0.0,0.0,0.0,0.0,0.0,0.0,-0.0020599692231193668,0.000606758463845551,-0.000584343389183,0.0,0.0,0.0,0.0,0.0,0.0,-0.00758577706111298,0.00195440858369,-0.00218659793607,0.00949788298777
-0.0042594936871247924,-0.0010332827626129365,-0.0015749970639330597,-0.000539580617856,0.0,0.0,0.0,0.0,0.0,-0.00817852249109281,0.004715958737872406,-0.003079274140689472,-0.000115262397365,-0.000797301073678,0.0,0.0,0.0,0.0,0.001346991121987447,0.0015046011029857254,-0.0005303402448414726,-0.00297795739489,-0.000103289965704,0.0,0.0,0.0,0.0,-0.0031974206196708835,-0.0025378526597591273,-0.004377049753467379,0.010924876296333885,-0.0016301639198757567,0.0005813943744638105,-0.0027185828897274386,0.0,0.0,0.0,0.0,0.0,0.0,-0.004274689542636657,0.00289123137709938,-0.0034485982098423503,0.0,0.0,0.0,0.0,0.0,0.0,-0.003057980416695908,0.0005392899301099042,-0.0007368536514084768,0.0,0.0,0.0,0.0,0.0,0.0,-0.0075646492921598455,0.0020824961543276497,-0.0023751284517339504,0.00972477730979151
-0.004281304016218521,-0.0010432485084581101,-0.0015921501518901928,-0.000539580617856,0.0,0.0,0.0,0.0,0.0,-0.009324353073549271,0.00496162336609439,-0.00307927414069,-0.000115262397365,-0.000797301073678,0.0,0.0,0.0,0.0,0.0008883916147192914,0.0015377964511977009,-0.0006013819107092536,-0.0031168918652766785,-0.000103289965704,0.0,0.0,0.0,0.0,-0.003285615373498447,-0.002760087369264687,-0.004979325791953208,0.011230255359593235,-0.0006619404910332572,-0.0006666418406602288,-0.0026771591925821877,0.0,0.0,0.0,0.0,0.0,0.0,-0.005877067632968921,0.0028912313771,-0.00344859820984,0.0,0.0,0.0,0.0,0.0,0.0,-0.0038062549738198974,0.0008700126795179303,-0.0019458500041882017,0.0,0.0,0.0,0.0,0.0,0.0,-0.008470916356524017,0.0020634224744588586,-0.0024905139902867404,0.010665464152237392
-0.006850551483641776,-0.00013021363030829125,-0.0027195820653603073,0.0002624365308162972,0.0,0.0,0.0,0.0,0.0,-0.009413043022562772,0.0053556561039668545,-0.00346718566935504,-0.00041689349605997223,-0.000797301073678,0.0,0.0,0.0,0.0,-1.533423709229381e-05,0.00023817289756286825,-0.00048648156533961137,-0.00311689186528,-0.000103289965704,0.0,0.0,0.0,0.0,-0.002612233575915748,-0.003796271627206913,-0.008328225512531151,0.012301751306982868,-0.002191555686602267,-0.0002238355266950473,-0.00263687023728697,0.0,0.0,0.0,0.0,0.0,0.0,-0.007348332391908487,0.0030026743987042947,-0.0034404911420144986,0.0,0.0,0.0,0.0,0.0,0.0,-0.004372945279854763,0.0014837802036349367,-0.0019514305432039995,0.0,0.0,0.0,0.0,0.0,0.0,-0.00843559602177048,0.0020715295422855016,-0.0027168262688286693,0.010945956540158112
-0.009413671816040053,-0.0009276413161855787,-0.00271958206536,0.000262436530816,0.0,0.0,0.0,0.0,0.0,-0.011092781826268494,0.00536449191441556,-0.0034704316262312777,-0.00041689349606,-0.000797301073678,0.0,0.0,0.0,0.0,-7.016045347924007e-05,-0.0014869226052667715,-0.00048648156534,-0.00311689186528,-0.000103289965704,0.0,0.0,0.0,0.0,-0.00261223357592,-0.0038003165170221267,-0.0092765042606229,0.013306385288150637,-0.002195362781668414,-0.0002317043621039831,-0.002562564627102559,0.0,0.0,0.0,0.0,0.0,0.0,-0.007338070955599728,0.0030026743987,-0.00344049114201,0.0,0.0,0.0,0.0,0.0,0.0,-0.004251300216709688,0.00148378020363,-0.0019514305432,0.0,0.0,0.0,0.0,0.0,0.0,-0.00756673354350061,0.00294039202055939,-0.0027127417344927963,0.011049378796940339
-0.009448231492019642,-0.00016252493820880084,-0.0029778693742374225,0.00014557731736003694,0.0,0.0,0.0,0.0,0.0,-0.009870508452622339,0.005204165257014076,-0.003548041313604113,-0.00041689349606,-0.000797301073678,0.0,0.0,0.0,0.0,0.0007778535112258067,-0.0016511238004732983,0.00014041953692008914,-0.00311689186528,-0.000103289965704,0.0,0.0,0.0,0.0,-0.003554564338096245,-0.0040586038258974225,-0.009410438414720206,0.013537116273527109,-0.0011346567960575282,-0.0003158978386555918,-0.002816547274541251,0.0,0.0,0.0,0.0,0.0,0.0,-0.006443873587016504,0.0013996596077168841,-0.0029090628868398186,0.0,0.0,0.0,0.0,0.0,0.0,-0.0022869199198274808,0.00028920734860691047,-0.001370605758578068,0.0,0.0,0.0,0.0,0.0,0.0,-0.00865137771122976,0.0035211491256598995,-0.003259770974021106,0.011975832255455541
-0.007608954616070465,-0.0009126191361238512,-0.0023075334342697244,0.00014557731736,0.0,0.0,0.0,0.0,0.0,-0.0074752074779806076,0.004605725974377159,-0.003713448278346244,-0.00041689349606,-0.000797301073678,0.0,0.0,0.0,0.0,0.002962340743296838,-0.001033522996898169,5.0688655814219736e-05,-0.00311689186528,-0.000103289965704,0.0,0.0,0.0,0.0,-0.003130286510521948,-0.0035688001137535114,-0.009057098918925957,0.013665729563346073,-0.0013497863614949156,-0.0009582354348911794,-0.0023099160873264043,0.0,0.0,0.0,0.0,0.0,0.0,-0.005233236740951308,1.0176911772667979e-05,-0.00290906288684,0.0,0.0,0.0,0.0,0.0,0.0,0.0016566295325464806,0.00032108045405601247,-0.0020571102970424263,0.0,0.0,0.0,0.0,0.0,0.0,-0.008835830700909883,0.004212233302553477,-0.0047416984389733845,0.012763778969169214
-0.009627821623603114,-0.0015750700009805945,-0.0032101934556998425,0.00014557731736,0.0,0.0,0.0,0.0,0.0,-0.007982173046991062,0.0028652226196296355,-0.00371344827835,-0.0013195535174898426,-0.000797301073678,0.0,0.0,0.0,0.0,0.0009843716727849104,-0.0010144646581852833,-1.2496130666661268e-05,-0.004019551886709842,-0.00023756332137321367,0.0,0.0,0.0,0.0,-0.004098152897642804,-0.0036328911814305235,-0.010333583498148082,0.01563369798875259,-0.0015780610108731947,-0.0009701187192961342,-0.0023108223685296627,0.0,0.0,0.0,0.0,0.0,0.0,-0.005429150427008333,4.1157191560752963e-05,-0.002966478674510322,0.0,0.0,0.0,0.0,0.0,0.0,0.0015568420171867027,0.0002606813233168915,-0.0022108907460441983,0.0,0.0,0.0,0.0,0.0,0.0,-0.010853253261643868,0.00421223330255,-0.005221013458271032,0.013007725040548269
-0.009123686015161425,-0.0013659504504098068,-0.0032101934557,0.00014557731736,0.0,0.0,0.0,0.0,0.0,-0.007849059725521707,0.002827154226044537,-0.00371344827835,-0.00131955351749,-0.000797301073678,0.0,0.0,0.0,0.0,0.002690153778613367,-0.00045851272545781676,-0.0007070891005090586,-0.00401955188671,-0.000237563321373,0.0,0.0,0.0,0.0,-0.004792745867482359,-0.00363289118143,-0.010344879240501634,0.0156336979888,-7.715956926839852e-05,-0.0011411698762807303,-0.0030073789772984893,0.0,0.0,0.0,0.0,0.0,0.0,-0.006138766413304597,2.241209057129132e-05,-0.00296647867451,0.0,0.0,0.0,0.0,0.0,0.0,0.003163780515608697,-0.000661432368080031,-0.002214632046508314,0.0,0.0,0.0,0.0,0.0,0.0,-0.011550949443787838,0.004906826272392358,-0.005474382398377019,0.01390562371194114
-0.0092929459436388,-0.0017635603207085066,-0.003104172969818184,0.00014557731736,0.0,0.0,0.0,0.0,0.0,-0.008970910976024628,0.003528040126201893,-0.0038770777674987356,-0.00131955351749,-0.000797301073678,-0.00014452496531285524,0.0,0.0,0.0,0.003223298135233764,-0.0007024211639786939,-0.0007368531681061217,-0.00401955188671,-0.000237563321373,0.0,0.0,0.0,0.0,-0.004822509935077122,-0.003826284738175856,-0.0103448792405,0.015938642912980288,-0.0020058579759634184,-0.0012309536913258123,-0.0030073789773,0.0,0.0,0.0,0.0,0.0,0.0,-0.007093838364766731,0.0010075827623707671,-0.0041597301691199216,0.0,0.0,0.0,0.0,0.0,0.0,0.0030107323475468194,-0.0016966213001752832,-0.002264569636198903,0.0,0.0,0.0,0.0,0.0,0.0,-0.012677021913293346,0.004915915654630606,-0.005830789418459613,0.01485341086968923
-0.009159414831679043,-0.0012293696376407385,-0.0033101264034157266,0.00014557731736,-9.350250560583685e-05,0.0,0.0,0.0,0.0,-0.007191834288205276,0.0043176989496887565,-0.0038770777675,-0.00131955351749,-0.000797301073678,-0.000144524965313,0.0,0.0,0.0,0.0035742203306719476,-6.128329462815757e-05,-0.0011716501228281157,-0.00401955188671,-0.000237563321373,0.0,0.0,0.0,0.0,-0.0054632603233978425,-0.0044115023384609636,-0.009292970508472392,0.016204135874374196,-6.352905077943328e-05,-0.0021919225117105028,-0.003225514984923555,0.0,0.0,0.0,0.0,0.0,0.0,-0.007714283302686505,0.0014166611448406929,-0.004162425284691522,0.0,0.0,0.0,0.0,0.0,0.0,0.004293680282284829,-0.0016965456574286625,-0.0025541126710935083,0.0,0.0,0.0,0.0,0.0,0.0,-0.012668311590633611,0.00491591565463,-0.005762504034858465,0.01600599539701611
-0.010410256642619046,-0.00015378162950168447,-0.0034809645811272973,0.00014557731736,-9.35025056058e-05,0.0,0.0,0.0,0.0,-0.00796996469106201,0.004789837253267053,-0.0036960660626079354,-0.0015415209641569865,-0.000797301073678,-0.000144524965313,0.0,0.0,0.0,0.005319219965257978,-0.00018691158915766758,-0.00047862488681398,-0.00401955188671,-0.000237563321373,0.0,0.0,0.0,0.0,-0.005634098501107298,-0.004582340516167298,-0.008759250616914857,0.01647510998174885,-0.0005493138576745145,-0.0022750657525399966,-0.0033292364310463516,0.0,0.0,0.0,0.0,0.0,0.0,-0.007753203537967066,-0.00013600849324870768,-0.0034957768017798998,0.0,0.0,0.0,0.0,0.0,0.0,0.004303921714681318,-0.0013665296922645382,-0.001953328700093546,0.0,0.0,0.0,0.0,0.0,0.0,-0.012800473951487952,0.00491591565463,-0.0068506295408840194,0.01693406583476453
-0.01310300438476597,0.0009500549448577507,-0.0035762699325048507,0.00014557731736,-9.35025056058e-05,0.0,0.0,0.0,0.0,-0.007601417571211508,0.005250487757172284,-0.005502680668304167,-0.00154152096416,-0.000797301073678,-0.000144524965313,0.0,0.0,0.0,0.006537528061517543,-0.0001782779386008857,-0.0013856140199963595,-0.00401955188671,-0.000237563321373,0.0,0.0,0.0,0.0,-0.006531203749318513,-0.0073996301186672366,-0.00890913081944052,0.018417259866681322,0.0011831842996301175,-0.0025170327867895777,-0.0033236932613390302,0.0,0.0,0.0,0.0,0.0,0.0,-0.008006952039797368,-0.00040665299081326056,-0.003239833350251176,0.0,0.0,0.0,0.0,0.0,0.0,0.003975990303556173,-0.001172164499328759,-0.0013116769043880993,0.0,0.0,0.0,0.0,0.0,0.0,-0.0119039144456921,0.005039397277611217,-0.007125426279852152,0.017167357174616378
-0.011454225687355947,0.00025694679121929546,-0.0035762699325,0.00014557731736,-9.35025056058e-05,0.0,0.0,0.0,0.0,-0.0070756942354894305,0.005371598431745131,-0.006436189778626524,-0.0008558342165104202,-0.000797301073678,-0.000144524965313,0.0,0.0,0.0,0.007833695439590352,-0.00019239351402413826,-0.0006999272723504201,-0.00401955188671,-0.000237563321373,0.0,0.0,0.0,0.0,-0.005990828671543461,-0.0076411229647522306,-0.00890913081944,0.01783411604685837,0.001692129761733214,-0.003376157536758607,-0.0033243615806876985,0.0,0.0,0.0,0.0,0.0,0.0,-0.007970852214782475,-0.0006139562306981197,-0.004583490902042056,0.0,0.0,0.0,0.0,0.0,0.0,0.002969553002727871,-0.001782365592217896,-0.0005736423139382137,0.0,0.0,0.0,0.0,0.0,0.0,-0.01157648932458392,0.005144829571184074,-0.007413895369414097,0.01808401945813805
-0.012342357806827336,0.000256946791219,-0.0034844312574660815,0.00014557731736,-9.35025056058e-05,0.0,0.0,0.0,0.0,-0.008521438951344513,0.005453637346226871,-0.005844118283562089,-0.00085583421651,-0.000797301073678,-0.000144524965313,0.0,0.0,0.0,0.007372117701700553,0.0004969002605208714,-0.001300280943884295,-0.00401955188671,-0.000237563321373,0.0,0.0,0.0,0.0,-0.005122651505097962,-0.006865374119614253,-0.007536100326535759,0.0178341160469,-0.0013322227637086864,-0.0033925923366698737,-0.00332436158069,0.0,0.0,0.0,0.0,0.0,0.0,-0.009536909799838095,-0.001446024212724155,-0.0038912985554717867,0.0,0.0,0.0,0.0,0.0,0.0,0.003331136027924778,-0.0011339231856348385,-0.0019420523004140288,0.0,0.0,0.0,0.0,0.0,0.0,-0.012253968805663209,0.005837021917748213,-0.00812111766648018,0.019013005705396737
-0.012521203028279755,0.0001035017453777292,-0.0036685517848770166,0.00014557731736,-9.35025056058e-05,0.0,0.0,0.0,0.0,-0.008574582547752757,0.005402720178049102,-0.005963980588672574,-0.00085583421651,-0.0010250814986155936,-0.000144524965313,0.0,0.0,0.0,0.008125118096148319,0.00011132220276018382,-0.0015937844084544402,-0.00401955188671,-0.000237563321373,0.0,0.0,0.0,0.0,-0.004770983412763175,-0.007310927925116857,-0.006960101705251674,0.018924025851424716,-0.000982784422411322,-0.004323174980218152,-0.002625537437254841,0.0,0.0,0.0,0.0,0.0,0.0,-0.009794790235034032,-0.0015047480456602518,-0.0033468094299033907,0.0,0.0,0.0,0.0,0.0,0.0,0.004612450602503172,-0.0014016180088409608,-0.0019021578997124116,0.0,0.0,0.0,0.0,0.0,0.0,-0.010941629601062458,0.006583841519787111,-0.00895693272763956,0.01913791269962606
-0.009829203837932447,-0.0025115128552862056,-0.003825037953294842,0.00014557731736,-9.35025056058e-05,0.0,0.0,0.0,0.0,-0.009471237658522551,0.006200122559391817,-0.006787841017236755,-0.00085583421651,-0.00102508149862,-0.000144524965313,0.0,0.0,0.0,0.005455530851579533,0.0014945838263863954,-0.00159378440845,-0.00401955188671,-0.000237563321373,0.0,0.0,0.0,0.0,-0.004700437057383894,-0.008131301561737463,-0.007804711314704106,0.020281764418494833,-0.0002210955280938429,-0.004604592978064455,-0.00262553743725,0.0,0.0,0.0,0.0,0.0,0.0,-0.009840065907172488,-0.0017868797551291518,-0.0033341573605345028,0.0,0.0,0.0,0.0,0.0,0.0,0.004247279691056211,-0.00138494930725702,-0.0019370717306888437,0.0,0.0,0.0,0.0,0.0,0.0,-0.010963891362713345,0.006596493589155497,-0.009068504603263082,0.01923758456228731
-0.011541577683900643,-0.002756001898604389,-0.00382503795329,-1.9125563608122538e-05,-9.35025056058e-05,0.0,0.0,0.0,0.0,-0.012303644016103359,0.006039128335843712,-0.00678784101724,-0.00085583421651,-0.00102508149862,-0.000144524965313,0.0,0.0,0.0,0.005678579229171895,0.0015462330700235108,-0.0019050216281327782,-0.00401955188671,-0.000237563321373,0.0,0.0,0.0,0.0,-0.004643218919136554,-0.008551055336455443,-0.00805976220844732,0.020558153379540676,-0.0017758346418705084,-0.005052419563547222,-0.0027070469326961537,0.0,0.0,0.0,0.0,0.0,0.0,-0.01330862464865239,-0.0023712791166933217,-0.0034243712167872507,0.0,0.0,0.0,0.0,0.0,0.0,0.00481605142112346,-0.0021751261690055833,-0.002652799329311942,0.0,0.0,0.0,0.0,0.0,0.0,-0.01118948230163687,0.00651183612298066,-0.010748159782397348,0.020153940251295407
-0.01288677344321588,-0.0029687356210752994,-0.004907882054325635,-1.91255636081e-05,-9.35025056058e-05,0.0,0.0,0.0,0.0,-0.010962882886344404,0.005378642172037003,-0.007833696043377348,-0.00085583421651,-0.00102508149862,-0.000144524965313,0.0,0.0,0.0,0.0033777121138543814,0.0006556342175315097,-0.00139457641078934,-0.00401955188671,-0.000237563321373,0.0,0.0,0.0,0.0,-0.005322930443447127,-0.010160429567065728,-0.009801822350967913,0.021723372216484873,-0.001418408139571698,-0.005194499703966768,-0.0028329197842688124,0.0,0.0,0.0,0.0,0.0,0.0,-0.014140567796011083,-0.0023688460699369035,-0.0035511209275370832,0.0,0.0,0.0,0.0,0.0,0.0,0.004655439827183685,-0.0024984667867753874,-0.002871835211324762,0.0,0.0,0.0,0.0,0.0,0.0,-0.011535267894361849,0.00651183612298,-0.010952011921581963,0.020455122691864697
-0.015188014134405476,-0.003129931219193826,-0.005011702848610889,-0.00013701970804998382,-9.35025056058e-05,0.0,0.0,0.0,0.0,-0.012075116223427537,0.005153155976258987,-0.008252962875889678,-0.00085583421651,-0.00102508149862,-0.000144524965313,0.0,0.0,0.0,0.0034837586299138633,1.3724568340887054e-05,-0.0015150555141494701,-0.004315623087765524,-0.000237563321373,0.0,0.0,0.0,0.0,-0.005743043891443491,-0.01145381540656594,-0.011153259440712287,0.022793525313828916,-0.0012097370164185547,-0.006130593515210252,-0.00283291978427,0.0,0.0,0.0,0.0,0.0,0.0,-0.015083910880097792,-0.0027627243244271976,-0.003440783029283063,0.0,0.0,0.0,0.0,0.0,0.0,0.0051957900426649,-0.0028912167414143954,-0.003044280064865254,0.0,0.0,0.0,0.0,0.0,0.0,-0.011477423343616242,0.00651183612298,-0.011418060498515252,0.020626745972018492
-0.01395588371418365,-0.0032875219949284654,-0.00438981528435078,-0.00013701970805,-9.35025056058e-05,0.0,0.0,0.0,0.0,-0.01129690191182051,0.00508876297891934,-0.007862805352747063,-0.00085583421651,-0.00102508149862,-0.000144524965313,0.0,0.0,0.0,0.004366250432288125,0.0005556435925083817,-0.00151505551415,-0.004448077676632389,-0.000237563321373,0.0,0.0,0.0,0.0,-0.0058306409107448725,-0.010950393251798897,-0.010014472954643593,0.02291923214634809,0.0005901816391509446,-0.006851828438287046,-0.0016818560717450177,0.0,0.0,0.0,0.0,0.0,0.0,-0.015092386033778788,-0.0027717877598973668,-0.0029516354322650586,0.0,0.0,0.0,0.0,0.0,0.0,0.006626710985449213,-0.0038378146225167384,-0.00304428006487,0.0,0.0,0.0,0.0,0.0,0.0,-0.010970399304147263,0.008359607096034536,-0.010837870504735276,0.021539841542229318
-0.017299504750234364,-0.0033936039809441556,-0.004217836527248186,-0.00013701970805,-9.35025056058e-05,0.0,0.0,0.0,0.0,-0.014839856278968867,0.004587601824941999,-0.007846259857544035,-0.0011140070262467558,-0.00102508149862,-0.000144524965313,0.0,0.0,0.0,0.004532558842212536,2.651755813974963e-05,-0.003021223450288379,-0.00444807767663,-0.000237563321373,0.0,0.0,0.0,0.0,-0.0059146010284367575,-0.011925358308566522,-0.0104311102942014,0.023269478952394465,-0.002692815961463099,-0.007620730115435028,-0.00168185607175,0.0,0.0,0.0,0.0,0.0,0.0,-0.01824825208052607,-0.0035959022400092787,-0.00295163543227,0.0,0.0,0.0,0.0,0.0,0.0,0.004379973330006596,-0.00407411917862044,-0.003757373852177055,0.0,0.0,0.0,0.0,0.0,0.0,-0.010971736260464151,0.00835960709603,-0.012692357594647014,0.022539612494403876
-0.016061713711773187,-0.004087364813051781,-0.00421783652725,-0.00013701970805,-9.35025056058e-05,0.0,0.0,0.0,0.0,-0.016791268479111606,0.0052575254997189675,-0.00784625985754,-0.00111400702625,-0.00102508149862,-0.000144524965313,0.0,0.0,0.0,0.005316168202882063,-0.0013610041060838623,-0.00302122345029,-0.00444807767663,-0.000237563321373,0.0,0.0,0.0,0.0,-0.00591460102844,-0.0119253583086,-0.0104311102942,0.0232694789524,-0.000298874853111716,-0.007606291970684447,-0.00168185607175,0.0,0.0,0.0,0.0,0.0,0.0,-0.019158172082473376,-0.0042894876486097916,-0.002907734223303692,0.0,0.0,0.0,0.0,0.0,0.0,0.0034506594120202573,-0.003425812148317333,-0.0038481693253962722,0.0,0.0,0.0,0.0,0.0,0.0,-0.010955684265128983,0.008374632236670869,-0.012710920988555746,0.023447955930984726
-0.017798650264533356,-0.00444507755694062,-0.004075722943192798,-0.00013701970805,-9.35025056058e-05,0.0,0.0,0.0,0.0,-0.01667510936976956,0.005019111916416986,-0.008649592357883665,-0.001509859364453467,-0.00102508149862,-0.000144524965313,0.0,0.0,0.0,0.004503834039888633,-0.0015039970598211155,-0.0034922342779943453,-0.00444807767663,-0.000237563321373,0.0,0.0,0.0,0.0,-0.00665097843422734,-0.01235909740092544,-0.011221597412601491,0.02452505397425397,0.0010408384428245443,-0.007077194368603281,-0.001788664254305515,-0.0007935939581747421,0.0,0.0,0.0,0.0,0.0,-0.01876317962102037,-0.004111820161346584,-0.0029217373453706086,0.0,0.0,0.0,0.0,0.0,0.0,0.0031207613256897947,-0.004173455556007878,-0.003142067447494447,0.0,0.0,0.0,0.0,0.0,0.0,-0.010340764165713437,0.009152729679574534,-0.011921272693821193,0.023705074687696632
-0.01882476890266542,-0.0031960549142805088,-0.004355190490844977,-0.00013701970805,-9.35025056058e-05,0.0,0.0,0.0,0.0,-0.017540883513743617,0.005871058559345347,-0.00864959235788,-0.00150985936445,-0.00102508149862,-0.000144524965313,0.0,0.0,0.0,0.004477967650592623,-0.0017802120147608215,-0.0028084848349261473,-0.00444807767663,-0.000237563321373,0.0,0.0,0.0,0.0,-0.00665097843423,-0.011948175027031832,-0.012027455881063171,0.024991195581323348,0.0008140849981159658,-0.00597150517028597,-0.0019130080750752966,-0.000793593958175,0.0,0.0,0.0,0.0,0.0,-0.019407915450271093,-0.004158350031723069,-0.003145144665787317,0.0,0.0,0.0,0.0,0.0,0.0,0.004069958879717812,-0.004289813904190973,-0.0038324573690131447,0.0,0.0,0.0,0.0,0.0,0.0,-0.011145197602587194,0.008462339758046855,-0.012611662615323144,0.024664286869079
-0.019578989555257293,-0.003228571264041212,-0.005135067404574833,-0.00013701970805,-9.35025056058e-05,0.0,0.0,0.0,0.0,-0.017581426416316347,0.005202781272533156,-0.00867022003543718,-0.00150985936445,-0.00102508149862,-0.000144524965313,0.0,0.0,0.0,0.003751368613059154,-0.001290199669494121,-0.003866168467689271,-0.00444807767663,-0.000237563321373,0.0,0.0,0.0,0.0,-0.0075453078625164136,-0.014734885779628408,-0.012027463303793213,0.02609357791730789,0.0012038326956780813,-0.005874323870479724,-0.00191300807508,-0.000793593958175,0.0,0.0,0.0,0.0,0.0,-0.018936432821358255,-0.004279717903936507,-0.00314514466579,0.0,0.0,0.0,0.0,0.0,0.0,0.003672530206780705,-0.004620320696742539,-0.0037242076870669743,0.0,0.0,0.0,0.0,0.0,0.0,-0.011036947920656974,0.008570589439993026,-0.012822665458094995,0.02477830781605697
-0.021012272095639335,-0.003245596110918761,-0.00513506740457,-0.00013701970805,-0.001011673122004049,0.0,0.0,0.0,0.0,-0.019509410914346822,0.005057661452171866,-0.009588390651838249,-0.00150985936445,-0.00102508149862,-0.000144524965313,0.0,0.0,0.0,0.002664518376418045,-0.0022405558234533138,-0.00386616846769,-0.00444807767663,-0.000237563321373,0.0,0.0,0.0,0.0,-0.008463478478918249,-0.01565305639599825,-0.01214039758659307,0.02803884943524903,0.001066254390290978,-0.0058722465573978555,-0.00191300807508,-0.000793593958175,0.0,0.0,0.0,0.0,0.0,-0.01909864254034395,-0.0043003571136255745,-0.00314514466579,0.0,0.0,0.0,0.0,0.0,0.0,0.0036045646561026355,-0.004651483335260043,-0.00372420768707,0.0,0.0,0.0,0.0,0.0,0.0,-0.0110369479207,0.00857058943999,-0.0128226654581,0.0247783078161
-0.020689707110408892,-0.0025795889923298882,-0.005403965303108738,-0.00013701970805,-0.001011673122,0.0,0.0,0.0,0.0,-0.022135418749601635,0.004455186879987412,-0.009489306960031179,-0.00150985936445,-0.00102508149862,-0.000144524965313,0.0,0.0,0.0,0.003973513741697481,-0.0031744752313460976,-0.003168556886387877,-0.004716975575168738,-0.000237563321373,0.0,0.0,0.0,0.0,-0.008402905174812248,-0.015918642612881773,-0.01277514817818758,0.028598022792608,-0.0005396742996209845,-0.005181191415811323,-0.002563397444521774,-0.000793593958175,0.0,0.0,0.0,0.0,0.0,-0.020018152699792187,-0.004408989281742852,-0.004159581677442668,0.0,0.0,0.0,0.0,0.0,0.0,0.0029745733075426358,-0.006692938519741846,-0.003409739464414652,0.0,0.0,0.0,0.0,0.0,0.0,-0.013112946293258763,0.00857058943999,-0.014094904727452288,0.0258447057642028
-0.023632249249606063,-0.0026161811868967402,-0.00622031104038898,-0.00013701970805,-0.001011673122,0.0,0.0,0.0,0.0,-0.021291116644337353,0.003458356795411761,-0.010574074767752987,-0.00150985936445,-0.00102508149862,-0.000144524965313,0.0,0.0,0.0,0.0023975270008130206,-0.0035690517675419017,-0.004158683333646309,-0.00471697557517,-0.000237563321373,0.0,0.0,0.0,0.0,-0.00888040607932796,-0.017983202208372365,-0.014382373950946404,0.029764071901688727,-5.184431497067823e-05,-0.005139432623443599,-0.002773181979763397,-0.000793593958175,0.0,0.0,0.0,0.0,0.0,-0.01971518851011053,-0.005208805661800697,-0.004226879261850524,0.0,0.0,0.0,0.0,0.0,0.0,0.001497019963291238,-0.0066756768036496175,-0.003436806178499877,0.0,0.0,0.0,0.0,0.0,0.0,-0.013025587589968496,0.008688828872789028,-0.01650364221597278,0.0258447057642
-0.02144336640448398,-0.004215593036681219,-0.006686823392926862,-0.00013701970805,-0.001011673122,0.0,0.0,0.0,0.0,-0.02531886876494668,0.0026375170475957995,-0.009787559421463992,-0.001531338093132792,-0.00102508149862,-0.000144524965313,0.0,0.0,0.0,-0.0010827675715339648,-0.0022505741263038,-0.004467550791938711,-0.00471697557517,-0.000237563321373,0.0,0.0,0.0,0.0,-0.008418930606778289,-0.01830870011942965,-0.014798811710089236,0.03010829066968243,0.002155078245427416,-0.006838894334808529,-0.003263149453524331,-0.000793593958175,0.0,0.0,0.0,0.0,0.0,-0.023587944379760542,-0.00534791100358391,-0.003557655909973186,0.0,0.0,0.0,0.0,0.0,0.0,-0.0010620577305757463,-0.00542363323559719,-0.0033367079759455964,0.0,0.0,0.0,0.0,0.0,0.0,-0.013713924105567134,0.009404367635979835,-0.0167915035652671,0.02689221849089102
-0.02260783449312803,-0.0023267012664435027,-0.00668682339293,-0.00013701970805,-0.001011673122,0.0,0.0,0.0,0.0,-0.026155218178636506,0.0033322944307221177,-0.00920659441142236,-0.00153133809313,-0.00102508149862,-0.000144524965313,0.0,0.0,0.0,0.0013050310499435611,-0.0029626001412996796,-0.004501214719784389,-0.00471697557517,-0.000237563321373,0.0,0.0,0.0,0.0,-0.008556489772708275,-0.018352356620987574,-0.014808804283843185,0.0301082906697,-0.0002674872579876671,-0.005097418921747809,-0.003381522711498363,-0.000793593958175,0.0,0.0,0.0,0.0,0.0,-0.025466655637236615,-0.0049829012970827365,-0.0020341401231430568,0.0,0.0,0.0,0.0,0.0,0.0,-9.452522638198784e-05,-0.004811052028511713,-0.003706299594163607,0.0,0.0,0.0,0.0,0.0,0.0,-0.014479670155245518,0.010771569590525276,-0.017413603534878235,0.027892198794858745
